Id;Name
1;Magee
2;Odysseus
3;Garrison
4;Mira
5;Omar
6;Jakeem
7;Ora
8;Kasper
9;Sade
10;Irene
11;Salvador
12;Scarlet
13;Tara
14;Walter
15;Melanie
16;Brenna
17;Yetta
18;Simon
19;Victor
20;Anne
21;Cassady
22;Candace
23;Tanya
24;Beck
25;Hadassah
26;Mariko
27;Len
28;Laura
29;Jenna
30;Quinlan
31;Vera
32;Diana
33;Buckminster
34;Signe
35;Flynn
36;Uriah
37;Zelenia
38;Matthew
39;Zephania
40;Clark
41;Dahlia
42;Dai
43;Jerry
44;Leo
45;Merrill
46;Randall
47;Zachery
48;Lacy
49;Wanda
50;Jenette
51;Iris
52;Salvador
53;Ralph
54;Shannon
55;Barrett
56;Dacey
57;Hamish
58;Blythe
59;Ulysses
60;Evangeline
61;Cathleen
62;Eve
63;Garrett
64;Leandra
65;Maxwell
66;Shaeleigh
67;Dara
68;Brent
69;Kevyn
70;Jacqueline
71;Julian
72;Tallulah
73;Olympia
74;Wayne
75;Tatyana
76;Colorado
77;Shoshana
78;Basia
79;Alec
80;Jane
81;Belle
82;Kato
83;Dorian
84;Serena
85;Erin
86;Leandra
87;Thane
88;Amanda
89;Shad
90;Forrest
91;Nolan
92;Doris
93;Byron
94;Beatrice
95;Giselle
96;Brennan
97;Connor
98;Jennifer
99;Kylan
100;Briar
101;Reagan
102;Sybill
103;Christopher
104;Brynn
105;Darrel
106;Aaron
107;Moses
108;Diana
109;Gail
110;Sawyer
111;Prescott
112;Timon
113;Alyssa
114;Aidan
115;Barclay
116;Quinn
117;Scarlett
118;Nola
119;Ira
120;Isaac
121;Callie
122;Claudia
123;Serena
124;Shellie
125;Shelby
126;Abel
127;Venus
128;Kenneth
129;Sawyer
130;Price
131;Alexa
132;Grant
133;Emi
134;Kirestin
135;Rhea
136;Callie
137;Brady
138;Kaitlin
139;Yasir
140;Stewart
141;Hall
142;Brendan
143;Darryl
144;Shaine
145;Marcia
146;Miranda
147;Liberty
148;Jaquelyn
149;Thane
150;Orson
151;Aimee
152;Mollie
153;Kermit
154;Herman
155;Ashely
156;Destiny
157;Kaseem
158;Donna
159;Ainsley
160;Laura
161;Driscoll
162;Kathleen
163;Orla
164;Uriel
165;Tate
166;Chester
167;Avram
168;Sheila
169;James
170;Brady
171;Steel
172;Tanek
173;Ima
174;Thane
175;Herrod
176;Cherokee
177;Kane
178;Damian
179;Haley
180;Cathleen
181;Charlotte
182;Nyssa
183;Signe
184;Troy
185;Cody
186;Adrienne
187;Boris
188;Clark
189;Edward
190;Hayley
191;Jacob
192;Rhonda
193;Andrew
194;Colby
195;Colette
196;Lunea
197;Brynne
198;Howard
199;Adena
200;Castor
201;Vernon
202;Melanie
203;Mara
204;Asher
205;Kiara
206;Stone
207;Derek
208;Zenia
209;Craig
210;Hedy
211;Elliott
212;Inga
213;Elmo
214;Scott
215;Devin
216;May
217;Tucker
218;Martha
219;Lysandra
220;Amos
221;Anastasia
222;Hunter
223;Nina
224;Russell
225;Lucius
226;Leigh
227;Zorita
228;Stephen
229;Fritz
230;Georgia
231;Margaret
232;Brendan
233;Brennan
234;Cheyenne
235;Jael
236;Jakeem
237;Lacey
238;Thane
239;Shea
240;Graham
241;Pandora
242;Ina
243;Rinah
244;Reece
245;Nyssa
246;Maris
247;Gray
248;Alfonso
249;Jakeem
250;Hunter
251;Kevyn
252;Guy
253;Aimee
254;Hamish
255;Jeremy
256;Yael
257;Hashim
258;Celeste
259;Kerry
260;Charles
261;Amal
262;Ava
263;Harding
264;Jack
265;Rogan
266;Griffith
267;Natalie
268;Courtney
269;Patricia
270;Steel
271;Wanda
272;Reuben
273;Karyn
274;Quamar
275;Kirk
276;Charde
277;Jordan
278;Lucas
279;Heidi
280;Ezra
281;Castor
282;Dominic
283;Eagan
284;Lysandra
285;Tanek
286;Travis
287;Latifah
288;Chloe
289;Burton
290;Vivien
291;Tanner
292;Vanna
293;Sawyer
294;Elaine
295;Hanna
296;Lacota
297;Chadwick
298;Trevor
299;Deirdre
300;Ann
301;Cooper
302;Constance
303;Sawyer
304;Germaine
305;Nell
306;Damian
307;Lillith
308;Frances
309;Marsden
310;Brady
311;Dieter
312;Brynne
313;Beck
314;Hasad
315;Ciara
316;Brendan
317;Zahir
318;Graiden
319;Karly
320;Reuben
321;Kiayada
322;Kessie
323;Vance
324;Rafael
325;Teagan
326;Buckminster
327;Xavier
328;Derek
329;Uriah
330;Lyle
331;Hoyt
332;Raja
333;Lee
334;Fritz
335;Ian
336;Berk
337;Leilani
338;Basia
339;Jermaine
340;Marshall
341;Whitney
342;Nigel
343;Demetria
344;Amber
345;Bernard
346;Roary
347;Sean
348;Isabella
349;Rhoda
350;Amber
351;Idola
352;Josiah
353;Sara
354;Ulysses
355;Ima
356;Blaze
357;Ocean
358;Clarke
359;Kirk
360;Nathaniel
361;Nomlanga
362;Leilani
363;Rhoda
364;Buckminster
365;Keith
366;Solomon
367;Harper
368;MacKensie
369;Thaddeus
370;Micah
371;Melvin
372;Ulysses
373;Tarik
374;Amir
375;Orson
376;Abel
377;Sybill
378;Aurelia
379;Cathleen
380;Idona
381;Odette
382;Frances
383;Quyn
384;Desirae
385;Chloe
386;Diana
387;Aidan
388;Kirestin
389;Timon
390;Nero
391;Adrian
392;Harper
393;Lunea
394;Finn
395;Arden
396;Jessica
397;Petra
398;Jonas
399;Serina
400;Brynn
401;Donna
402;Quynn
403;Amaya
404;Randall
405;Noble
406;Orson
407;Lamar
408;Colorado
409;Lois
410;Molly
411;Lysandra
412;Jena
413;Cedric
414;Bryar
415;Hector
416;Angelica
417;Ocean
418;Hammett
419;George
420;Barclay
421;Nissim
422;Eve
423;Flynn
424;Constance
425;Tad
426;Chaney
427;Nigel
428;Sebastian
429;Henry
430;Malik
431;Gavin
432;Jeremy
433;Frances
434;Brent
435;Caesar
436;Moses
437;Dominic
438;Akeem
439;Jolene
440;Felix
441;Jeanette
442;Rafael
443;Alfonso
444;Chava
445;Bell
446;Laurel
447;Shad
448;Kelsie
449;Ashton
450;Patricia
451;Lesley
452;Bruno
453;Camden
454;Nero
455;Myles
456;Camille
457;Tate
458;Raya
459;Summer
460;Lucy
461;Alan
462;Ava
463;Lawrence
464;Len
465;Brenna
466;Ingrid
467;Jason
468;Giacomo
469;Len
470;Fleur
471;Ruth
472;Rigel
473;Leroy
474;Chiquita
475;Thaddeus
476;Latifah
477;Hyatt
478;Kadeem
479;Amal
480;Nolan
481;Kibo
482;Scarlett
483;Noelani
484;Madonna
485;Stella
486;Lee
487;Keane
488;Stephanie
489;Yoko
490;Colin
491;Serina
492;Dieter
493;Judith
494;Arsenio
495;Keefe
496;Martha
497;Damon
498;Donna
499;Neville
500;Erin
